Year;Name.Only.abs;Name.Only.rel;Bib.Ref.abs;Bib.Ref.rel;Bib.Soft.abs;Bib.Soft.rel;Agent.abs;Agent.rel;URL.abs;URL.rel;PID.abs;PID.rel;Ver.abs;Ver.rel
2016,0,0,1,0.5,0,0,0,0,0,0,0,0,NaN,NaN
2015,0,0,2,0.2222222222222222,0,0,0,0,2,0.2222222222222222,0,0,NaN,NaN
2018,0,0,4,0.10810810810810811,5,0.13513513513513514,3,0.08108108108108109,12,0.32432432432432434,0,0,NaN,NaN
2019,0,0,11,0.3333333333333333,2,0.06060606060606061,1,0.030303030303030304,7,0.21212121212121213,1,0.030303030303030304,NaN,NaN
2020,0,0,8,0.4,0,0,0,0,2,0.1,0,0,NaN,NaN