Year;NameOnly.abs;NameOnly.rel;Bib.Ref.abs;Bib.Ref.rel;Bib.Soft.abs;Bib.Soft.rel;Agent.abs;Agent.rel;URL.abs;URL.rel;PID.abs;PID.rel;Ver.abs;Ver.rel
2019,0,0,11,0.3333333333333333,2,0.06060606060606061,1,0.030303030303030304,7,0.21212121212121213,1,0.030303030303030304,NaN,NaN
2020,0,0,8,0.4,0,0,0,0,2,0.1,0,0,NaN,NaN
2018,0,0,2,0.07142857142857142,5,0.17857142857142858,3,0.10714285714285714,10,0.35714285714285715,0,0,NaN,NaN