Year;Name.Only.abs;Name.Only.rel;Bib.Ref.abs;Bib.Ref.rel;Bib.Soft.abs;Bib.Soft.rel;Agent.abs;Agent.rel;URL.abs;URL.rel;PID.abs;PID.rel;Ver.abs;Ver.rel
2016,31,0.6888888888888889,14,0.3111111111111111,0,0,0,0,2,0.044444444444444446,0,0,0,0
2019,52,0.7761194029850746,17,0.2537313432835821,3,0.04477611940298507,1,0.014925373134328358,13,0.19402985074626866,1,0.014925373134328358,2,0.029850746268656716
2015,19,0.7037037037037037,5,0.18518518518518517,1,0.037037037037037035,1,0.037037037037037035,5,0.18518518518518517,0,0,1,0.037037037037037035
2018,48,0.6486486486486487,11,0.14864864864864866,11,0.14864864864864866,5,0.06756756756756757,22,0.2972972972972973,0,0,6,0.08108108108108109
2020,37,0.6981132075471698,15,0.2830188679245283,1,0.018867924528301886,4,0.07547169811320754,10,0.18867924528301888,0,0,0,0