Year;NameOnly.abs;NameOnly.rel;Bib.Ref.abs;Bib.Ref.rel;Bib.Soft.abs;Bib.Soft.rel;Agent.abs;Agent.rel;URL.abs;URL.rel;PID.abs;PID.rel;Ver.abs;Ver.rel
,0,0,15,0.4166666666666667,1,0.027777777777777776,0,0,6,0.16666666666666666,0,0,NaN,NaN
,0,0,3,0.21428571428571427,1,0.07142857142857142,1,0.07142857142857142,3,0.21428571428571427,1,0.07142857142857142,NaN,NaN
,0,0,0,0,0,0,0,0,0,0,0,0,NaN,NaN
,0,0,3,0.1,5,0.16666666666666666,3,0.1,10,0.3333333333333333,0,0,NaN,NaN