Year;Name.Only.abs;Name.Only.rel;Bib.Ref.abs;Bib.Ref.rel;Bib.Soft.abs;Bib.Soft.rel;Agent.abs;Agent.rel;URL.abs;URL.rel;PID.abs;PID.rel;Ver.abs;Ver.rel
2016,0,0,1,0.5,0,0,0,0,0,0,0,0,NaN,NaN
2018,0,0,7,0.19444444444444445,6,0.16666666666666666,2,0.05555555555555555,10,0.2777777777777778,0,0,NaN,NaN
2019,0,0,6,0.18181818181818182,1,0.030303030303030304,0,0,6,0.18181818181818182,0,0,NaN,NaN
2020,0,0,7,0.3333333333333333,1,0.047619047619047616,2,0.09523809523809523,5,0.23809523809523808,0,0,NaN,NaN