Citation type,abs. frequency (n=184),rel. frequency (in %)
Bib.Soft,15,0.08152173913043478
Bib.Ref,44,0.2391304347826087
Name.Only,130,0.7065217391304348
Agent,8,0.043478260869565216
URL,43,0.23369565217391305
PID,1,0.005434782608695652
Ver,8,0.043478260869565216
